Id,Title,Is this an experimental talk?,State,Accepted track,Submitted for tracks,Reviewed for tracks,Accepted type,Submitted type
150,The polarization of thermal dileptons emitted in high-energy heavy-ion collisions,No,Accepted,,Electromagnetic and electroweak probes,Electromagnetic and electroweak probes,Oral presentation,Oral presentation
342,Heavy Quark Quenching in the Hybrid Strong/Weak-Coupling Model,No,Accepted,,Heavy quarks and quarkonia,Heavy quarks and quarkonia,Oral presentation,Oral presentation
195,"Testing lQCD Spatial Diffusion Coefficient Through Heavy-Flavor $R_{AA}$, $v_2$, and $v_3$ in Event-by-Event Transport approach",No,Submitted,,Heavy quarks and quarkonia,Heavy quarks and quarkonia,,Oral presentation
28,Neural Unfolding of the Chiral Magnetic Effect in Heavy-Ion Collisions,No,Accepted,,ML/AI and quantum computing in high-energy nuclear physics,ML/AI and quantum computing in high-energy nuclear physics,Poster presentation,Oral presentation
18,Non-perturbative heavy quark diffusion in magnetic field,No,Accepted,,Heavy quarks and quarkonia,Heavy quarks and quarkonia,Poster presentation,Oral presentation
108,To study the motion of the heavy quark  in hot QCD matter through the fractional Langevin equation in anomalous diffusion,No,Accepted,,Heavy quarks and quarkonia,Heavy quarks and quarkonia,Poster presentation,Oral presentation
47,JIe Zhou,No,Accepted,,Heavy quarks and quarkonia,Heavy quarks and quarkonia,Poster presentation,Oral presentation
154,Causal third-order viscous hydrodynamics from kinetic theory,No,Accepted,,Jet modification and medium response,Jet modification and medium response,Poster presentation,Oral presentation
22,Dilepton production in a magnetised quark gluon plasma,No,Accepted,,Electromagnetic and electroweak probes,Electromagnetic and electroweak probes,Poster presentation,Oral presentation
118,Viscous properties and expansion dynamics of a rotating QGP medium,No,Accepted,,"Nuclear PDFs, saturation, and early-time dynamics","Nuclear PDFs, saturation, and early-time dynamics",Poster presentation,Oral presentation
189,Unraveling Jet-medium Interaction with Energy Correlators in Relativistic Oxygen Collisions,No,Accepted,,Jet modification and medium response,Jet modification and medium response,Poster presentation,Poster presentation
377,Integrating Rivet into Bayesian parameter estimation,No,Accepted,,Jet modification and medium response,Jet modification and medium response,Poster presentation,Poster presentation
308,High-$p_T$ $v_2$ from Wave Diffraction,No,Accepted,,High-momentum hadrons and correlations,High-momentum hadrons and correlations,Poster presentation,Oral presentation
369,Large scale comparisons between data and models using Rivet,No,Accepted,,High-momentum hadrons and correlations,High-momentum hadrons and correlations,Poster presentation,Poster presentation
168,Solving the Boltzmann equation for heavy quarks using heavy quark phonon effective theory ($\phi$-EFT),No,Accepted,,Heavy quarks and quarkonia,Heavy quarks and quarkonia,Poster presentation,Poster presentation
155,A model-independent probe of nuclear structure in heavy-ion collisions: a Neural Network framework,No,Accepted,,ML/AI and quantum computing in high-energy nuclear physics,ML/AI and quantum computing in high-energy nuclear physics,Poster presentation,Oral presentation
73,Radius Dependence of Jet Quenching in Central Pb+Pb Collisions at $\sqrt{s_{NN}}=5.02~\mathrm{TeV}$ with $R_{AA}^{R/0.2}$ and $S_{\mathrm{loss}}$,Yes,Accepted,,Jet modification and medium response,Jet modification and medium response,Poster presentation,Poster presentation
385,A multi-scale approach to jet reconstruction,Yes,Accepted,,Jet modification and medium response,Jet modification and medium response,Poster presentation,Poster presentation
110,Mapping the Gluon Structure of Lead Nuclei with Photonuclear Jets at ALICE,Yes,Accepted,,"Nuclear PDFs, saturation, and early-time dynamics","Nuclear PDFs, saturation, and early-time dynamics",Poster presentation,Poster presentation
115,Measurement of Jet Azimuthal Anisotropy ($v_n$) in sPHENIX Au+Au collisions at $\sqrt{s_{NN}} = 200 \text{ GeV}$,Yes,Accepted,,Jet modification and medium response,Jet modification and medium response,Poster presentation,Poster presentation
122,Exploring small-angle emissions in D0-tagged jets in Pb-Pb collisions at 5.02 TeV,Yes,Accepted,,Jet modification and medium response,Jet modification and medium response,Poster presentation,Oral presentation
328,Measurement of prompt-photon-tagged jet production in Au+Au collisions at 200 GeV with sPHENIX,Yes,Accepted,,Jet modification and medium response,Jet modification and medium response,Poster presentation,Poster presentation
147,Operation and performance of the sPHENIX vertex detector,Yes,Accepted,,Heavy quarks and quarkonia,Heavy quarks and quarkonia,Poster presentation,Poster presentation
183,Low-$p_\mathrm T$ direct-photon production and HBT correlations in heavy-ion collisions measured with ALICE,Yes,Accepted,,Electromagnetic and electroweak probes,Electromagnetic and electroweak probes,Poster presentation,Oral presentation
286,Quarkonia production and polarization in proton-proton collisions with ALICE,Yes,Accepted,,Heavy quarks and quarkonia,Heavy quarks and quarkonia,Poster presentation,Oral presentation
165,Measurement of coherent $K^{+}K^{-}$ photoproduction in Au+Au ultra-peripheral collisions at $\sqrt{s_{_{\mathrm{NN}}}} = 200~\mathrm{GeV}$ with the STAR detector,Yes,Accepted,,"Nuclear PDFs, saturation, and early-time dynamics","Nuclear PDFs, saturation, and early-time dynamics",Poster presentation,Oral presentation
217,Inclusive and Dijet EEC measurements in proton-proton collisions with ALICE,Yes,Accepted,,Jet modification and medium response,Jet modification and medium response,Poster presentation,Poster presentation
70,$\Omega_{\mathrm{c}}^0$ production vs. multiplicity in proton--proton collisions at $\sqrt{s}=13.6~TeV$,Yes,Accepted,,Heavy quarks and quarkonia,Heavy quarks and quarkonia,Poster presentation,Poster presentation
141,Dijet probes for nuclear PDF modification in p+A collisions at ATLAS,Yes,Accepted,,"Nuclear PDFs, saturation, and early-time dynamics","Nuclear PDFs, saturation, and early-time dynamics",Poster presentation,Poster presentation
313,sPHENIX Calorimeter Jet Substructure Measurements with Jet Reclustering,Yes,Accepted,,Jet modification and medium response,Jet modification and medium response,Poster presentation,Poster presentation
346,Measurement of Jet Mass in $p+p$ Collisions at $\sqrt{s}=200$ GeV with the sPHENIX Experiment,Yes,Accepted,,Jet modification and medium response,Jet modification and medium response,Poster presentation,Poster presentation
95,Measurement of b-jet cross section in pp collisions using graph neural networks with ALICE,Yes,Accepted,,Jet modification and medium response,Jet modification and medium response,Poster presentation,Poster presentation
109,Time-Based Reclustering for Identifying Early Jet Splittings in pp Collisions with ALICE,Yes,Accepted,,Jet modification and medium response,Jet modification and medium response,Poster presentation,Poster presentation
324,Open charm production in fixed-target mode at LHCb,Yes,Accepted,,Heavy quarks and quarkonia,Heavy quarks and quarkonia,Poster presentation,Oral presentation
253,Measurements of the Two-Point Energy Correlator in pp Collisions at $\sqrt{s}$ = 510 GeV,Yes,Accepted,,Jet modification and medium response,Jet modification and medium response,Poster presentation,Oral presentation
206,System-size dependence of charged-particle $R_{\mathrm{AA}}$,Yes,Accepted,,High-momentum hadrons and correlations,High-momentum hadrons and correlations,Poster presentation,Oral presentation
262,Charmonium production in Pb–-Pb collisions at forward rapidity with ALICE,Yes,Accepted,,Heavy quarks and quarkonia,Heavy quarks and quarkonia,Poster presentation,Poster presentation
332,$\Lambda$ polarization measurements at LHCb,Yes,Accepted,,"Nuclear PDFs, saturation, and early-time dynamics","Nuclear PDFs, saturation, and early-time dynamics",Poster presentation,Oral presentation
68,Jet azimuthal anisotropies in O+O and Ne+Ne collisions at $\sqrt{s_{\mathrm{NN}}}=5.36~\mathrm{TeV}$ with ATLAS,Yes,Accepted,,Jet modification and medium response,Jet modification and medium response,Poster presentation,Poster presentation
310,Exploring Muon Identification for Heavy Flavor Measurements in the sPHENIX Experiment,Yes,Accepted,,Heavy quarks and quarkonia,Heavy quarks and quarkonia,Poster presentation,Poster presentation
133,Differential Flow Measurements with multiparticle cumulant up to high-$p_T$ in OO & NeNe Collisions in CMS,Yes,Accepted,,High-momentum hadrons and correlations,High-momentum hadrons and correlations,Poster presentation,Oral presentation
42,Charged-particle jet fragmentation in pp collisions with ALICE,No,Accepted,,Jet modification and medium response,Jet modification and medium response,Poster presentation,Poster presentation
326,Search for axion-like particles in ultra-peripheral collisions with the LHCb detector,Yes,Accepted,,Electromagnetic and electroweak probes,Electromagnetic and electroweak probes,Poster presentation,Oral presentation
294,$J/\psi$ elliptical-flow $v_2$ analysis in OO collisions at midrapidity using ALICE Run-3 data,Yes,Accepted,,Heavy quarks and quarkonia,Heavy quarks and quarkonia,Poster presentation,Poster presentation
355,sPHENIX probes of multiparton interaction and QCD radiation in jet events in p+p collisions,Yes,Accepted,,"Nuclear PDFs, saturation, and early-time dynamics","Nuclear PDFs, saturation, and early-time dynamics",Poster presentation,Oral presentation
367,In situ jet energy calibration using prompt photon+jets in $p$+$p$ collisions at \sqrt{s}=200 GeV with the sPHENIX detector,Yes,Accepted,,Jet modification and medium response,Jet modification and medium response,Poster presentation,Poster presentation
339,Reconstructing γ→e+e- with the sPHENIX detector at RHIC,Yes,Accepted,,Electromagnetic and electroweak probes,Electromagnetic and electroweak probes,Poster presentation,Poster presentation
16,Charged-particle jet production in OO collisions at $\sqrt{s_{\rm NN}} = 5.36$ TeV with ALICE,Yes,Accepted,,Jet modification and medium response,Jet modification and medium response,Poster presentation,Poster presentation
38,Measurement of the Lund jet plane in $pp$ collisions at $\sqrt{s}$ = 200 GeV with STAR,Yes,Accepted,,Jet modification and medium response,Jet modification and medium response,Poster presentation,Poster presentation
202,Measurements of jet substructure in p+p collisions with the sPHENIX detector as a baseline for QGP modification studies,Yes,Accepted,,Jet modification and medium response,Jet modification and medium response,Poster presentation,Poster presentation
229,Measurements of $D^{0}$ and $D^{*}$ production in p+p collisions at $\sqrt{s}$ = 510 GeV in the STAR experiment,Yes,Accepted,,Heavy quarks and quarkonia,Heavy quarks and quarkonia,Poster presentation,Oral presentation
386,Calibration and Performance Studies of the sPHENIX Hadronic Calorimeter Using Cosmic-Ray Muons and LED Monitoring,Yes,Accepted,,Future experimental facilities and new techniques,Future experimental facilities and new techniques,Poster presentation,Poster presentation
232,Groomed vs ungroomed jet angularities from \sqrt{s} = 200 GeV  p + p collisions in STAR,Yes,Accepted,,Jet modification and medium response,Jet modification and medium response,Poster presentation,Oral presentation
21,Measurement of direct-photon HBT with the photon conversion method in ALICE in Pb--Pb collisions at $\sqrt{s_\mathrm{NN}}$ = 5.36 TeV,Yes,Accepted,,Electromagnetic and electroweak probes,Electromagnetic and electroweak probes,Poster presentation,Poster presentation
319,Femtoscopy measurements at LHCb,Yes,Accepted,,High-momentum hadrons and correlations,High-momentum hadrons and correlations,Poster presentation,Oral presentation
279,Associated production of open and hidden heavy-flavour hadrons in pp collisions with ALICE,Yes,Accepted,,Heavy quarks and quarkonia,Heavy quarks and quarkonia,Poster presentation,Oral presentation
74,Prompt and non-prompt D-meson production in pp collisions with ALICE: A test of pQCD,Yes,Accepted,,Heavy quarks and quarkonia,Heavy quarks and quarkonia,Poster presentation,Poster presentation
333,Studies of $\phi$-meson production at LHCb,Yes,Accepted,,"Nuclear PDFs, saturation, and early-time dynamics","Nuclear PDFs, saturation, and early-time dynamics",Poster presentation,Oral presentation
266,Electron reconstruction in p+p collisions using sPHENIX silicon trackers and calorimeters,Yes,Accepted,,Heavy quarks and quarkonia,Heavy quarks and quarkonia,Poster presentation,Poster presentation
327,Intermediate mass dilepton measurements with LHCb in Run 3,Yes,Accepted,,Electromagnetic and electroweak probes,Electromagnetic and electroweak probes,Poster presentation,Oral presentation
92,Electron–muon azimuthal correlations from heavy-flavor hadron decays in proton-proton collisions at √s=13.6 TeV with ALICE,Yes,Accepted,,Heavy quarks and quarkonia,Heavy quarks and quarkonia,Poster presentation,Poster presentation
194,Probing charm-quark dynamics in the QGP via $D^0$ meson production and correlations with CMS,Yes,Accepted,,Heavy quarks and quarkonia,Heavy quarks and quarkonia,Poster presentation,Oral presentation
186,Quantum simulation of chiral phase transition in 1+1D SU(2) theory,No,Accepted,,ML/AI and quantum computing in high-energy nuclear physics,ML/AI and quantum computing in high-energy nuclear physics,Poster presentation,Oral presentation
361,sPHENIX measurement of inclusive jet transverse single spin asymmetry,Yes,Accepted,,"Nuclear PDFs, saturation, and early-time dynamics","Nuclear PDFs, saturation, and early-time dynamics",Poster presentation,Oral presentation
322,Quarkonium production in light and heavy ion collisions at LHCb,Yes,Accepted,,Heavy quarks and quarkonia,Heavy quarks and quarkonia,Poster presentation,Oral presentation
212,Systematic effects in resonance signal extraction with the ALICE detector,Yes,Accepted,,High-momentum hadrons and correlations,High-momentum hadrons and correlations,Poster presentation,Poster presentation
20,Dielectron analysis in Pb$-$Pb collisions in Run 3 with ALICE,Yes,Accepted,,Electromagnetic and electroweak probes,Electromagnetic and electroweak probes,Poster presentation,Poster presentation
159,Investigating nuclear shape via the Breit-Wheeler process in U+U UPCs at STAR,Yes,Accepted,,Electromagnetic and electroweak probes,Electromagnetic and electroweak probes,Poster presentation,Oral presentation
301,Quarkonium production in association with hadronic activity in pp collisions with ALICE,Yes,Accepted,,Heavy quarks and quarkonia,Heavy quarks and quarkonia,Poster presentation,Oral presentation
41,Measurement of jet invariant mass with semi-inclusive hadron+jet distributions in Zr+Zr and Ru+Ru collisions at $\sqrt{s_{\text{NN}}} = 200$ GeV with STAR,Yes,Accepted,,Jet modification and medium response,Jet modification and medium response,Poster presentation,Poster presentation
220,Inclusive jet spectra and background rejection in pp collisions at $\sqrt{s}$ = 200 GeV with the sPHENIX detector,Yes,Accepted,,Jet modification and medium response,Jet modification and medium response,Poster presentation,Poster presentation
255,Measuring light-nuclei production in and out of jets with ALICE,Yes,Accepted,,High-momentum hadrons and correlations,High-momentum hadrons and correlations,Poster presentation,Oral presentation
156,Search for jet quenching in OO collisions with the event activity dependence of hadron-jet correlations with ALICE,Yes,Accepted,,Jet modification and medium response,Jet modification and medium response,Poster presentation,Oral presentation
137,Measurement of energy correlators within single inclusive jet in high-energy heavy-ion collisions,Yes,Accepted,,Jet modification and medium response,Jet modification and medium response,Poster presentation,Oral presentation
162,Search for dark photons in $\pi^{0}$/$\eta$ Dalitz decays with the STAR detector,Yes,Accepted,,Electromagnetic and electroweak probes,Electromagnetic and electroweak probes,Poster presentation,Oral presentation
231,Disentangling the onset of collective-like behavior with underlying-event and event-structure measurements in $p$+$p$ collisions at STAR,Yes,Accepted,,High-momentum hadrons and correlations,High-momentum hadrons and correlations,Poster presentation,Oral presentation
233,Search for Diffusion Wake Signatures in Dijet Systems via Rapidity Asymmetry of Jet-Hadron Correlations in $\sqrt{s_{NN}}=200$ GeV Au+Au Collisions at STAR,Yes,Accepted,,Jet modification and medium response,Jet modification and medium response,Poster presentation,Oral presentation
375,Two-particle correlations in p+p collisions with sPHENIX,Yes,Accepted,,High-momentum hadrons and correlations,High-momentum hadrons and correlations,Poster presentation,Poster presentation
134,The first energy-dependent measurement of coherent $\rho^0$ photoproduction in PbPb UPCs with CMS,Yes,Accepted,,"Nuclear PDFs, saturation, and early-time dynamics","Nuclear PDFs, saturation, and early-time dynamics",Poster presentation,Oral presentation
219,Calorimeter-Based Jet Shape Measurements in sPHENIX,Yes,Accepted,,Jet modification and medium response,Jet modification and medium response,Poster presentation,Poster presentation
111,K*0 production in and out of jets in pp and OO collisions,Yes,Accepted,,Jet modification and medium response,Jet modification and medium response,Poster presentation,Poster presentation
248,A Novel Statistical Approach To Measure Prompt Photon Production in pp collisions at $\sqrt{s}$ = 13.6 TeV with ALICE,Yes,Accepted,,Electromagnetic and electroweak probes,Electromagnetic and electroweak probes,Poster presentation,Poster presentation
200,Measurement of energy loss and substructure in photon+jet events in central PbPb collisions at 5.36 TeV with the CMS detector,Yes,Accepted,,Jet modification and medium response,Jet modification and medium response,Poster presentation,Oral presentation
140,"Constraining Substructure-dependent Jet Energy Loss Phenomena with Isolated, Prompt Photon-Tagged Jets with ATLAS",Yes,Accepted,,Jet modification and medium response,Jet modification and medium response,Poster presentation,Poster presentation
261,Inclusive J/psi production at midrapidity in pp collisions at \sqrt(s) = 5.36 TeV with ALICE in Run3,Yes,Accepted,,Heavy quarks and quarkonia,Heavy quarks and quarkonia,Poster presentation,Poster presentation
29,Soft-dielectron measurement in pp collisions at $\sqrt{s}$=13.6 TeV with ALICE in Run 3,Yes,Accepted,,Electromagnetic and electroweak probes,Electromagnetic and electroweak probes,Poster presentation,Poster presentation
265,Measurement of $\psi$(2S) production at midrapidity in Pb--Pb Collisions at  $\sqrt{s_{\rm NN}} = 5.36$ TeV with ALICE,Yes,Accepted,,Heavy quarks and quarkonia,Heavy quarks and quarkonia,Poster presentation,Poster presentation
196,Probing the quark-gluon plasma through radial and anisotropic flow over a large $p_{T}$ range across collision systems with CMS,Yes,Accepted,,High-momentum hadrons and correlations,High-momentum hadrons and correlations,Poster presentation,Oral presentation
178,Differential probes of jet evolution with charged energy-energy correlators at ALICE,Yes,Accepted,,Jet modification and medium response,Jet modification and medium response,Poster presentation,Oral presentation
171,Probing the color-charge dependence of jet energy loss with gamma-jet and pi0-jet correlations in pp and Pb-Pb collisions with ALICE,Yes,Accepted,,Jet modification and medium response,Jet modification and medium response,Poster presentation,Oral presentation
170,Azimuthal correlations of electrons from the decay of heavy-flavour hadrons with charged particles in pp collisions at √s = 13.6 TeV with the ALICE detector,Yes,Accepted,,Heavy quarks and quarkonia,Heavy quarks and quarkonia,Poster presentation,Poster presentation
123,Measurement of the momentum imbalance $x_J$ in Z+jets events using pp and PbPb collisions at 5.36 TeV with the CMS experiment at the LHC,Yes,Accepted,,Jet modification and medium response,Jet modification and medium response,Poster presentation,Oral presentation
164,Probing Cold Nuclear Matter Effects via Identified Hadron Fragmentation in Jets at RHIC,Yes,Accepted,,Jet modification and medium response,Jet modification and medium response,Poster presentation,Oral presentation
184,Summary of searches for gluon saturation in ALICE with Run 2 data,Yes,Accepted,,"Nuclear PDFs, saturation, and early-time dynamics","Nuclear PDFs, saturation, and early-time dynamics",Poster presentation,Oral presentation
241,Dijet momentum imbalance and azimuthal correlations in Au+Au collisions at $\sqrt{s_{NN}} = 200$ GeV with the sPHENIX detector,Yes,Accepted,,Jet modification and medium response,Jet modification and medium response,Poster presentation,Poster presentation
139,New results on quarkonium suppression in pPb collisions at 8.16 TeV with CMS,Yes,Accepted,,Heavy quarks and quarkonia,Heavy quarks and quarkonia,Poster presentation,Oral presentation
83,Measurement of $\Xi_{\mathrm{c}}^{+}$-baryon production via hadronic decay channel in pp collisions with ALICE,Yes,Accepted,,Heavy quarks and quarkonia,Heavy quarks and quarkonia,Poster presentation,Poster presentation
343,sPHENIX measurements of the inclusive jet production in p+p collisions at 200 GeV,Yes,Accepted,,Jet modification and medium response,Jet modification and medium response,Poster presentation,Oral presentation
236,Search for long-range di-hadron correlations in high multiplicity $p$+$p$ collisions at $\sqrt{s}=200$~GeV with STAR,Yes,Accepted,,High-momentum hadrons and correlations,High-momentum hadrons and correlations,Poster presentation,Oral presentation
2,Recent heavy flavor jet and substructure studies for the future EIC,Yes,Submitted,,Heavy quarks and quarkonia,Heavy quarks and quarkonia,,Oral presentation
239,A Breath of Fresh Air for Molière: Elastic Scatterings in OO Collisions,No,Accepted,,Jet modification and medium response,Jet modification and medium response,Oral presentation,Oral presentation
269,Riders on the Flow: A New and Efficient Method to Compute Jet Wakes,No,Accepted,,Jet modification and medium response,Jet modification and medium response,Poster presentation,Oral presentation
271,Gluon emission by a quark-antiquark antenna with realistic parton-medium interactions,No,Withdrawn,,Jet modification and medium response,Jet modification and medium response,,Oral presentation
270,Towards azimuthally differential jet shapes with realistic parton-medium interactions,No,Withdrawn,,Jet modification and medium response,Jet modification and medium response,,Oral presentation
166,Dimuon and Charm Experiment at CERN SPS,Yes,Accepted,,Future experimental facilities and new techniques,Future experimental facilities and new techniques,Oral presentation,Oral presentation
226,Modification of the Substructure of D$^0$-Meson-Tagged Jets in Heavy-Ion Collisions at STAR,Yes,Accepted,,Jet modification and medium response,Jet modification and medium response,Oral presentation,Oral presentation
163,Exploring Cold Nuclear Matter through Forward $\pi^{0}$ Production in $p+$A Collisions at STAR,Yes,Accepted,,"Nuclear PDFs, saturation, and early-time dynamics","Nuclear PDFs, saturation, and early-time dynamics",Oral presentation,Oral presentation
230,Measurement of Two-Point Energy Correlators in Ru+Ru and Zr+Zr collisions at STAR,Yes,Accepted,,Jet modification and medium response,Jet modification and medium response,Oral presentation,Oral presentation
160,Measurement of $\gamma \gamma \rightarrow \pi^+ \pi^-$ in Au+Au collisions at STAR using the Entanglement Enabled Spin Interference effect,Yes,Accepted,,"Nuclear PDFs, saturation, and early-time dynamics","Nuclear PDFs, saturation, and early-time dynamics",Oral presentation,Oral presentation
158,Direct Photon Yield and Thermal Dielectron Flow in Isobar Collisions at STAR,Yes,Accepted,,Electromagnetic and electroweak probes,Electromagnetic and electroweak probes,Oral presentation,Oral presentation
227,Observation of jet quenching in O+O collisions at $\sqrt{s_{\mathrm {NN}}}$ = 200 GeV with the STAR experiment at RHIC,Yes,Accepted,,Jet modification and medium response,Jet modification and medium response,Oral presentation,Oral presentation
161,Probing Gluon Saturation with $J/\psi$ Spin Interference in Photoproduction at STAR,Yes,Accepted,,"Nuclear PDFs, saturation, and early-time dynamics","Nuclear PDFs, saturation, and early-time dynamics",Oral presentation,Oral presentation
235,Exploring System-Size and Energy Dependence of J/$\psi$ production with the STAR experiment,Yes,Accepted,,Heavy quarks and quarkonia,Heavy quarks and quarkonia,Oral presentation,Oral presentation
99,Dielectron measurements of heavy-flavor production and medium radiation in p+p and Au+Au collisions by PHENIX,Yes,Accepted,,Heavy quarks and quarkonia,Heavy quarks and quarkonia,Oral presentation,Oral presentation
96,Probing jet modification and substructure with gamma-hadron correlations and reconstructed jets in PHENIX,Yes,Accepted,,Jet modification and medium response,Jet modification and medium response,Oral presentation,Oral presentation
100,Low $p_T$ direct photon results with PHENIX and their bearing on the direct photon puzzle,Yes,Accepted,,Electromagnetic and electroweak probes,Electromagnetic and electroweak probes,Oral presentation,Oral presentation
93,PHENIX results on high $p_T$ direct photons and $\pi^0$ in small systems,Yes,Accepted,,Jet modification and medium response,Jet modification and medium response,Oral presentation,Oral presentation
349,sPHENIX measurements of jet production and properties in p+p collisions,Yes,Accepted,,Jet modification and medium response,Jet modification and medium response,Oral presentation,Oral presentation
348,sPHENIX measurements of jet azimuthal anisotropy and global event correlations in Au+Au collisions at 200 GeV,Yes,Accepted,,Jet modification and medium response,Jet modification and medium response,Oral presentation,Oral presentation
350,sPHENIX studies of QCD radiation in p+p collisions with energy-energy correlators and underlying event production,Yes,Accepted,,High-momentum hadrons and correlations,High-momentum hadrons and correlations,Oral presentation,Oral presentation
356,sPHENIX high-statistics measurements of strangeness production in p+p collisions,Yes,Accepted,,"Nuclear PDFs, saturation, and early-time dynamics","Nuclear PDFs, saturation, and early-time dynamics",Oral presentation,Oral presentation
345,sPHENIX measurements of dijet correlations in p+p and Au+Au collisions at 200 GeV,Yes,Accepted,,Jet modification and medium response,Jet modification and medium response,Oral presentation,Oral presentation
351,sPHENIX new measurements of heavy flavor hadronization in p+p collisions at RHIC,Yes,Accepted,,Heavy quarks and quarkonia,Heavy quarks and quarkonia,Oral presentation,Oral presentation
347,sPHENIX measurements of photon-jet correlations in p+p and Au+Au collisions,Yes,Accepted,,Jet modification and medium response,Jet modification and medium response,Oral presentation,Oral presentation
354,sPHENIX measurement of isolated prompt photon production in p+p collisions at 200 GeV,Yes,Accepted,,Electromagnetic and electroweak probes,Electromagnetic and electroweak probes,Oral presentation,Oral presentation
334,Prospects for heavy-ion data-taking with the LHCb Upgrade II,Yes,Accepted,,Future experimental facilities and new techniques,Future experimental facilities and new techniques,Oral presentation,Oral presentation
325,Heavy-flavour production in fixed-target mode at LHCb,Yes,Accepted,,Heavy quarks and quarkonia,Heavy quarks and quarkonia,Oral presentation,Oral presentation
331,Recent results in Ultra-Peripheral collisions at LHCb,Yes,Accepted,,"Nuclear PDFs, saturation, and early-time dynamics","Nuclear PDFs, saturation, and early-time dynamics",Oral presentation,Oral presentation
320,"Heavy flavour production from pp, light- and heavy-ion collisions at LHCb",Yes,Accepted,,Heavy quarks and quarkonia,Heavy quarks and quarkonia,Oral presentation,Oral presentation
315,Jet substructure measurements at LHCb,Yes,Accepted,,Jet modification and medium response,Jet modification and medium response,Oral presentation,Oral presentation
330,Probing nuclear structure at LHCb,Yes,Accepted,,"Nuclear PDFs, saturation, and early-time dynamics","Nuclear PDFs, saturation, and early-time dynamics",Oral presentation,Oral presentation
370,Jet substructure correlations in the archived ALEPH e+e- data at 91.2 GeV,Yes,Accepted,,Jet modification and medium response,Jet modification and medium response,Oral presentation,Oral presentation
292,Measurement of two-particle correlation in high energy e+e- collisions with enhanced W⁺W⁻ contributions using the ALEPH archived data,Yes,Accepted,,High-momentum hadrons and correlations,High-momentum hadrons and correlations,Oral presentation,Oral presentation
371,Measurements of track energy-energy correlators in $e^{+}e^{-}$ collisions using DELPHI open data,Yes,Accepted,,High-momentum hadrons and correlations,High-momentum hadrons and correlations,Oral presentation,Oral presentation
132,The Lund jet plane in OO collisions,Yes,Accepted,,Jet modification and medium response,Jet modification and medium response,Oral presentation,Oral presentation
203,"Modification of jet shapes and energy-energy correlators in pp, OO, NeNe, and PbPb collisions",Yes,Accepted,,Jet modification and medium response,Jet modification and medium response,Oral presentation,Oral presentation
126,First observation of the jet-induced diffusion wake in PbPb dijet events,Yes,Accepted,,Jet modification and medium response,Jet modification and medium response,Oral presentation,Oral presentation
128,Azimuthal anisotropy of charged particles with transverse momentum up to 50 GeV in OO collisions from the CMS detector,Yes,Accepted,,High-momentum hadrons and correlations,High-momentum hadrons and correlations,Oral presentation,Oral presentation
127,Identifying Quenched Jets in CMS Using Machine Learning,Yes,Accepted,,Future experimental facilities and new techniques,Future experimental facilities and new techniques,Oral presentation,Oral presentation
204,Probing charm quark collectivity through J/ψ elliptic flow in OO collisions with CMS,Yes,Accepted,,Heavy quarks and quarkonia,Heavy quarks and quarkonia,Oral presentation,Oral presentation
138,Probing parton energy loss via identified strange hadrons (K^0_S and Lambda) in OO collisions at \sqrt{s_{NN}} = 5.36 TeV with CMS,Yes,Accepted,,High-momentum hadrons and correlations,High-momentum hadrons and correlations,Oral presentation,Oral presentation
210,B-hadron identification in b-jets using novel deep learning technique in pp and PbPb collisions in CMS,Yes,Accepted,,ML/AI and quantum computing in high-energy nuclear physics,ML/AI and quantum computing in high-energy nuclear physics,Oral presentation,Oral presentation
135,Measurement of charged particle nuclear modification factor in OO and study of nPDF effects using pO collisions,Yes,Accepted,,High-momentum hadrons and correlations,High-momentum hadrons and correlations,Oral presentation,Oral presentation
205,"High-pT Triggered Dihadron correlations in OO, NeNe and pO collisions in CMS",Yes,Accepted,,High-momentum hadrons and correlations,High-momentum hadrons and correlations,Oral presentation,Oral presentation
207,Constraining heavy-quark gluon splittings in high-\pt heavy-quark tagged jets,Yes,Accepted,,Jet modification and medium response,Jet modification and medium response,Oral presentation,Oral presentation
131,Probing Charm Hadronisation through Baryon-Meson and Strangeness-Sensitive Flow Measurements at CMS.,Yes,Accepted,,Heavy quarks and quarkonia,Heavy quarks and quarkonia,Oral presentation,Oral presentation
136,Measurement of Top quark pair production in Run3 PbPb collisions at 5.36 TeV with CMS,Yes,Accepted,,"Nuclear PDFs, saturation, and early-time dynamics","Nuclear PDFs, saturation, and early-time dynamics",Oral presentation,Oral presentation
209,Rapidity-dependent measurement of the D0 production in proton-oxygen collisions with CMS,Yes,Accepted,,"Nuclear PDFs, saturation, and early-time dynamics","Nuclear PDFs, saturation, and early-time dynamics",Oral presentation,Oral presentation
198,Evidence of medium response in PbPb and the first Z-hadron correlation mesurement in pPb collisions,Yes,Accepted,,Jet modification and medium response,Jet modification and medium response,Oral presentation,Oral presentation
124,Early EM fields in PbPb collisions via their effect on dimuon decays of Z bosons with CMS,Yes,Accepted,,Electromagnetic and electroweak probes,Electromagnetic and electroweak probes,Oral presentation,Oral presentation
180,On the hunt for thermal radiation with low-mass dileptons in ALICE,Yes,Accepted,,Electromagnetic and electroweak probes,Electromagnetic and electroweak probes,Oral presentation,Oral presentation
179,Probing jet-hadrochemistry modifications with measurements of identified particles in jets and the underlying event in pp and Pb--Pb collisions with ALICE,Yes,Accepted,,Jet modification and medium response,Jet modification and medium response,Oral presentation,Oral presentation
181,Vector meson production and polarisation in pp and OO collisions with ALICE,Yes,Accepted,,"Nuclear PDFs, saturation, and early-time dynamics","Nuclear PDFs, saturation, and early-time dynamics",Oral presentation,Oral presentation
281,Charm-hadron elliptic flow from small to large collision systems with ALICE,Yes,Accepted,,Jet modification and medium response,Jet modification and medium response,Oral presentation,Oral presentation
173,Probing jet modifications in the QGP using Energy Correlators in Pb-Pb collisions at $\sqrt {s_\mathrm{NN}}$ = 5.02 TeV with ALICE,Yes,Accepted,,Jet modification and medium response,Jet modification and medium response,Oral presentation,Oral presentation
290,Quarkonia production in heavy-ion collisions with ALICE,Yes,Accepted,,Heavy quarks and quarkonia,Heavy quarks and quarkonia,Oral presentation,Oral presentation
257,Investigation of early magnetic field and angular momentum in Pb-Pb collisions via D$^{*+}$-meson spin alignment with ALICE,Yes,Accepted,,"Nuclear PDFs, saturation, and early-time dynamics","Nuclear PDFs, saturation, and early-time dynamics",Oral presentation,Oral presentation
157,Investigating the origins of jet quenching with precision measurements of inclusive and semi-inclusive jet modifications with ALICE,Yes,Accepted,,Jet modification and medium response,Jet modification and medium response,Oral presentation,Oral presentation
175,Probing medium properties with jet energy flow modification in heavy-ion collisions with ALICE,Yes,Accepted,,Jet modification and medium response,Jet modification and medium response,Oral presentation,Oral presentation
187,Exclusive four pion photoproduction in ultraperipheral Pb-Pb collisions with ALICE,Yes,Accepted,,"Nuclear PDFs, saturation, and early-time dynamics","Nuclear PDFs, saturation, and early-time dynamics",Oral presentation,Oral presentation
280,Probing fragmentation and hadronization with jets tagged with charm baryons and mesons with ALICE in pp collisions,Yes,Accepted,,Heavy quarks and quarkonia,Heavy quarks and quarkonia,Oral presentation,Oral presentation
190,ALICE 3: a next-generation heavy-ion detector for LHC Run 5,Yes,Accepted,,Future experimental facilities and new techniques,Future experimental facilities and new techniques,Oral presentation,Oral presentation
182,Neutral pion nuclear modification factor in OO and pO collisions,Yes,Accepted,,Jet modification and medium response,Jet modification and medium response,Oral presentation,Oral presentation
185,New probes of nuclear gluon dynamics in inelastic ultraperipheral Pb-Pb collisions in ALICE,Yes,Accepted,,"Nuclear PDFs, saturation, and early-time dynamics","Nuclear PDFs, saturation, and early-time dynamics",Oral presentation,Oral presentation
254,Multiplicity-dependent strangeness production in and out-of-jets in pp and OO collisions with ALICE,Yes,Accepted,,High-momentum hadrons and correlations,High-momentum hadrons and correlations,Oral presentation,Oral presentation
256,Charm and beauty production in pp collisions with ALICE,Yes,Accepted,,Heavy quarks and quarkonia,Heavy quarks and quarkonia,Oral presentation,Oral presentation
291,J/𝜓 photoproduction and polarization in peripheral Pb-Pb collisions with ALICE,Yes,Accepted,,Heavy quarks and quarkonia,Heavy quarks and quarkonia,Oral presentation,Oral presentation
218,"Jet-like dihadron correlations in pO, OO, and Ne–Ne collisions with ALICE",Yes,Accepted,,High-momentum hadrons and correlations,High-momentum hadrons and correlations,Oral presentation,Oral presentation
177,Mapping jet substructure with the Lund Plane and time re-clustering in pp collisions with ALICE,Yes,Accepted,,Jet modification and medium response,Jet modification and medium response,Oral presentation,Oral presentation
260,Strangeness effects on heavy-quark hadronization from small to large systems with ALICE,Yes,Accepted,,Heavy quarks and quarkonia,Heavy quarks and quarkonia,Oral presentation,Oral presentation
176,Measurement of subjet fragmentation in pp and Pb--Pb collisions with ALICE,Yes,Accepted,,Jet modification and medium response,Jet modification and medium response,Oral presentation,Oral presentation
299,Quarkonia production and flow in light-ions collisions with ALICE,Yes,Accepted,,Heavy quarks and quarkonia,Heavy quarks and quarkonia,Oral presentation,Oral presentation
252,Hadron–strangeness correlations as a function of multiplicity in pp and p-Pb collisions with ALICE,Yes,Accepted,,High-momentum hadrons and correlations,High-momentum hadrons and correlations,Oral presentation,Oral presentation
188,ALICE Forward Calorimeter upgrade (FoCal): physics program and expected performance,Yes,Accepted,,Future experimental facilities and new techniques,Future experimental facilities and new techniques,Oral presentation,Oral presentation
283,"Quarkonia collectivity in proton-proton, Pb-Pb collisions with ALICE",Yes,Accepted,,Heavy quarks and quarkonia,Heavy quarks and quarkonia,Oral presentation,Oral presentation
56,Measurement of production and suppression of $J/\psi$ in correlation with jet activity in $pp$ and Pb+Pb collisions using ATLAS detector,Yes,Accepted,,Heavy quarks and quarkonia,Heavy quarks and quarkonia,Oral presentation,Oral presentation
54,Observation of top-quark pair production in Pb+Pb collisions at 5.02 TeV with ATLAS,Yes,Accepted,,"Nuclear PDFs, saturation, and early-time dynamics","Nuclear PDFs, saturation, and early-time dynamics",Oral presentation,Oral presentation
67,Probing Parton Energy Loss with Dijets and Jet Azimuthal Anisotropies in Light-Ion Collisions with ATLAS,Yes,Accepted,,Jet modification and medium response,Jet modification and medium response,Oral presentation,Oral presentation
66,Probing medium effects in light-ion collisions with charged-hadron and inclusive jet measurements at ATLAS,Yes,Accepted,,Jet modification and medium response,Jet modification and medium response,Oral presentation,Oral presentation
55,Measurements of correlations between $Z$ bosons or $\Upsilon$ mesons and inclusive charged particles in small systems with ATLAS,Yes,Accepted,,Electromagnetic and electroweak probes,Electromagnetic and electroweak probes,Oral presentation,Oral presentation
65,Observation of parton shower modification in O+O collisions via gamma+hadron correlations with ATLAS,Yes,Accepted,,High-momentum hadrons and correlations,High-momentum hadrons and correlations,Oral presentation,Oral presentation
62,Measurements of flavor-dependent jet suppression in Pb+Pb collisions with ATLAS,Yes,Accepted,,Jet modification and medium response,Jet modification and medium response,Oral presentation,Oral presentation
64,Probing jet quenching via jet substructure measurements in Pb+Pb collisions with ATLAS,Yes,Accepted,,Jet modification and medium response,Jet modification and medium response,Oral presentation,Oral presentation
52,Measurements of $J/\psi$ and impact of coincident photon induced processes in ultra-peripheral Pb+Pb collisions at $\sqrt{s_\mathrm{NN}}=5.36$ TeV with the ATLAS detector,Yes,Accepted,,"Nuclear PDFs, saturation, and early-time dynamics","Nuclear PDFs, saturation, and early-time dynamics",Oral presentation,Oral presentation
146,Heavy quark drag coefficient using phonon-heavy quark EFT ($\phi$-EFT),No,Accepted,,Heavy quarks and quarkonia,Heavy quarks and quarkonia,Oral presentation,Oral presentation
368,Measurements of Energy Correlators from low to high multiplicity events in archived $e^{+}e^{-}$ ALEPH data,Yes,Accepted,,High-momentum hadrons and correlations,High-momentum hadrons and correlations,Poster presentation,Oral presentation
382,Charmonia at Finite Momentum and Spatial Correlators in Quark-Gluon Plasma,No,Accepted,,Heavy quarks and quarkonia,Heavy quarks and quarkonia,Poster presentation,Oral presentation
312,Dynamical soft--hard hadron correlations across momentum scales in the quark--gluon plasma,No,Accepted,,High-momentum hadrons and correlations,High-momentum hadrons and correlations,Poster presentation,Oral presentation
289,Toward a Complete Description of Partonic Interactions in JETSCAPE,No,Accepted,,Jet modification and medium response,Jet modification and medium response,Poster presentation,Oral presentation
300,Properties of open heavy-flavor probes from lattice QCD,No,Accepted,,Heavy quarks and quarkonia,Heavy quarks and quarkonia,Poster presentation,Oral presentation
314,Dynamical approach of quarkonium suppression in small systems,No,Accepted,,Heavy quarks and quarkonia,Heavy quarks and quarkonia,Poster presentation,Oral presentation
358,"Photon Production, Photon Enhancement and Photon Absorption in a Monte Carlo Framework",No,Accepted,,Electromagnetic and electroweak probes,Electromagnetic and electroweak probes,Poster presentation,Oral presentation
374,Quarkonium properties at non-zero temperature from lattice QCD,No,Accepted,,Heavy quarks and quarkonia,Heavy quarks and quarkonia,Poster presentation,Oral presentation
309,Impact of Nuclear Deformation and Gluon-Splitting–Induced BSQ Fluctuations on CME Observables in Isobar Collisions,No,Accepted,,"Nuclear PDFs, saturation, and early-time dynamics","Nuclear PDFs, saturation, and early-time dynamics",Poster presentation,Oral presentation
357,Extraction of Fragmentation Function of Photons using JetScape,No,Accepted,,Jet modification and medium response,Jet modification and medium response,Poster presentation,Oral presentation
341,Enhanced high-$p_T$ $X(3872)$ Production via Correlated $c\bar{c}$ Color-Octet Pairs from Jet Fragmentation,No,Accepted,,Heavy quarks and quarkonia,Heavy quarks and quarkonia,Poster presentation,Oral presentation
305,Generalized background subtraction of N-point energy correlator in Heavy Ion Collisions,No,Accepted,,High-momentum hadrons and correlations,High-momentum hadrons and correlations,Poster presentation,Oral presentation
288,"Massively Scaling Up Jet Modification Analysis: Global Curated Data, Analysis Infrastructure, and Tools",No,Accepted,,Future experimental facilities and new techniques,Future experimental facilities and new techniques,Poster presentation,Oral presentation
384,Studying properties of baryon-dominated matter with dileptons,Yes,Accepted,,Electromagnetic and electroweak probes,Electromagnetic and electroweak probes,Poster presentation,Oral presentation
387,Measuring thermal dimuons at high baryochemical potential with the NA60+/DiCE experiment at the CERN SPS,Yes,Accepted,,Electromagnetic and electroweak probes,Electromagnetic and electroweak probes,Poster presentation,Oral presentation
360,Letting the data speak for itself: Model-Agnostic Hadronization at the EIC using a new Event Generator,No,Accepted,,ML/AI and quantum computing in high-energy nuclear physics,ML/AI and quantum computing in high-energy nuclear physics,Poster presentation,Oral presentation
359,Quarkonium Spectroscopy in Strongly Coupled QGP,No,Accepted,,Heavy quarks and quarkonia,Heavy quarks and quarkonia,Poster presentation,Oral presentation
340,Observable sensitivity to evolution of charm quark in the early phases of relativistic heavy-ion collisions,No,Accepted,,Heavy quarks and quarkonia,Heavy quarks and quarkonia,Poster presentation,Oral presentation
383,Jet quenching and medium response via hadron chemistry around jet with the CoLBT-Hydro model,No,Accepted,,Jet modification and medium response,Jet modification and medium response,Poster presentation,Oral presentation
303,Deterministic AI Surrogate Modeling for Fast Hydrodynamic Evolution of the Quark Gluon Plasma,No,Accepted,,ML/AI and quantum computing in high-energy nuclear physics,ML/AI and quantum computing in high-energy nuclear physics,Poster presentation,Oral presentation
344,Elucidating the origin of the apparent strangeness enhancement with multiplicity in the jet-like region measured in pp collisions at 13 TeV,No,Accepted,,High-momentum hadrons and correlations,High-momentum hadrons and correlations,Poster presentation,Oral presentation
306,Quantum Interference Effects in Jet-Induced Recoils,No,Accepted,,Jet modification and medium response,Jet modification and medium response,Poster presentation,Oral presentation
380,Jet substructure as a probe of event-by-event hydrodynamic fluctuations with JEWEL+v-USPhydro,No,Accepted,,Jet modification and medium response,Jet modification and medium response,Poster presentation,Oral presentation
352,Diffusion Dynamics of Charm-Quark Number in the QGP.,No,Accepted,,Heavy quarks and quarkonia,Heavy quarks and quarkonia,Poster presentation,Oral presentation
381,A quantification of in-jet azimuthal asymmetry for jets in e+e- collisions at 91.2 GeV using the archived ALEPH data,Yes,Accepted,,Jet modification and medium response,Jet modification and medium response,Poster presentation,Oral presentation
298,Event-shape engineering for jet tomography,No,Accepted,,Jet modification and medium response,Jet modification and medium response,Poster presentation,Oral presentation
321,Potential QGP signatures in jets in pp collisions with the combined SUBA-Jet and EPOS4 framework,No,Accepted,,Jet modification and medium response,Jet modification and medium response,Poster presentation,Oral presentation
307,Color screening in the pre-equilibrium glasma,No,Accepted,,Heavy quarks and quarkonia,Heavy quarks and quarkonia,Poster presentation,Oral presentation
373,Anti-$k_T$ jet spectra measurement for small- and large-size jets up to R = 1.2 using $e^+e^-$ collisions at 91.2 GeV with the ALEPH archived data,Yes,Accepted,,Future experimental facilities and new techniques,Future experimental facilities and new techniques,Poster presentation,Oral presentation
240,Fluctuation-dissipation theorem for jets in QGP,No,Accepted,,Jet modification and medium response,Jet modification and medium response,Poster presentation,Oral presentation
167,Resolving jet substructure in the QGP through (de)coherent quenching at NLO,No,Accepted,,Jet modification and medium response,Jet modification and medium response,Poster presentation,Oral presentation
192,Fast prediction of the hydrodynamic QGP evolution in ultra-relativistic heavy-ion collisions using Fourier Neural Operators,No,Accepted,,ML/AI and quantum computing in high-energy nuclear physics,ML/AI and quantum computing in high-energy nuclear physics,Poster presentation,Oral presentation
246,Jet Drift in Heavy-Ion Collision: Acoplanarity and v2,No,Accepted,,Jet modification and medium response,Jet modification and medium response,Poster presentation,Oral presentation
268,Rapidity-Dependent Spin Polarization of Charm Quarks in the Glasma,No,Accepted,,Heavy quarks and quarkonia,Heavy quarks and quarkonia,Poster presentation,Oral presentation
274,From Lead to Helium: Discovery Potential for Jet Quenching in the Smallest Collision Systems,No,Accepted,,High-momentum hadrons and correlations,High-momentum hadrons and correlations,Poster presentation,Oral presentation
275,Anisotropic flow of charmonium states in relativistic heavy ion collisions,No,Accepted,,Heavy quarks and quarkonia,Heavy quarks and quarkonia,Poster presentation,Oral presentation
223,Impact of Magnetic Field-Induced Anisotropy on Pre-Equilibrium Dynamics,No,Accepted,,"Nuclear PDFs, saturation, and early-time dynamics","Nuclear PDFs, saturation, and early-time dynamics",Poster presentation,Oral presentation
243,Impact of the thermal photon rate uncertainty on the direct photon puzzle,No,Accepted,,Electromagnetic and electroweak probes,Electromagnetic and electroweak probes,Poster presentation,Oral presentation
213,Causality of jets coupled to relativistic viscous hydrodynamic simulations,No,Accepted,,Jet modification and medium response,Jet modification and medium response,Poster presentation,Oral presentation
247,Tracing the evolution of nuclear excitation at the future Electron-Ion Collider,No,Accepted,,Future experimental facilities and new techniques,Future experimental facilities and new techniques,Poster presentation,Oral presentation
244,Characterization of Jet Quenching via Machine Learning,Yes,Accepted,,ML/AI and quantum computing in high-energy nuclear physics,ML/AI and quantum computing in high-energy nuclear physics,Poster presentation,Oral presentation
222,Modular Energy Loss Treatment (MELT) of high-momentum particles in a quark-gluon plasma,No,Accepted,,High-momentum hadrons and correlations,High-momentum hadrons and correlations,Poster presentation,Oral presentation
234,Quarkonium suppression with QTRAJ 1.1 beyond the dipole,No,Accepted,,Heavy quarks and quarkonia,Heavy quarks and quarkonia,Poster presentation,Oral presentation
211,Heavy Quark dynamics in QGP using effective field theory,No,Accepted,,Heavy quarks and quarkonia,Heavy quarks and quarkonia,Poster presentation,Oral presentation
245,Deriving a parton shower for jet thermalization in QCD plasmas,No,Accepted,,Jet modification and medium response,Jet modification and medium response,Poster presentation,Oral presentation
237,Rapid adiabatic hydrodynamization and a generalized picture of attractors in kinetic theory,No,Accepted,,"Nuclear PDFs, saturation, and early-time dynamics","Nuclear PDFs, saturation, and early-time dynamics",Poster presentation,Oral presentation
273,Enhanced anisotropies in pA collisions using a new Glauber model,No,Accepted,,"Nuclear PDFs, saturation, and early-time dynamics","Nuclear PDFs, saturation, and early-time dynamics",Poster presentation,Oral presentation
215,Production of \psi(2S) in jets using Fragmenting Jet Function framework,No,Accepted,,Heavy quarks and quarkonia,Heavy quarks and quarkonia,Poster presentation,Oral presentation
225,Signatures of Initial-State Charge Geometry in Heavy-Ion Collisions,No,Accepted,,"Nuclear PDFs, saturation, and early-time dynamics","Nuclear PDFs, saturation, and early-time dynamics",Poster presentation,Oral presentation
193,Charmed-Hadron $v_0(p_T)$ as a new observable to probe collective behaviour of Heavy-Quark in the QGP,No,Accepted,,Heavy quarks and quarkonia,Heavy quarks and quarkonia,Poster presentation,Oral presentation
259,"High-$p_T$ $R_{AB},v_2,v_3$ and $v_4$ from Energy Loss in pPb, dAu, OO, and NeNe",No,Accepted,,High-momentum hadrons and correlations,High-momentum hadrons and correlations,Poster presentation,Oral presentation
145,Exploring the ultraviolet behavior of jet-medium scatterings beyond the leading logarithm approximation,No,Accepted,,Jet modification and medium response,Jet modification and medium response,Poster presentation,Oral presentation
107,From Unified Hadron and Jet Suppression to Hadron-triggered Thermal Recoil Jets,No,Accepted,,Jet modification and medium response,Jet modification and medium response,Poster presentation,Oral presentation
106,Heavy-flavor dileptons: towards precision QGP thermometry and heavy-quark transport,No,Accepted,,Heavy quarks and quarkonia,Heavy quarks and quarkonia,Poster presentation,Oral presentation
117,Generalized detector correlators in the heavy-ion environment from the light-ray OPE.,No,Accepted,,Jet modification and medium response,Jet modification and medium response,Poster presentation,Oral presentation
119,Quantifying vacuum-like jets in heavy-ion collisions: a Machine Learning study,No,Accepted,,ML/AI and quantum computing in high-energy nuclear physics,ML/AI and quantum computing in high-energy nuclear physics,Poster presentation,Oral presentation
148,Electromagnetic Radiation from Baryon-Rich Matter in Heavy-Ion Collisions,No,Accepted,,Electromagnetic and electroweak probes,Electromagnetic and electroweak probes,Poster presentation,Oral presentation
152,Bayesian Constraints on Pre-Equilibrium Jet Quenching and Predictions for Oxygen Collisions,No,Accepted,,Jet modification and medium response,Jet modification and medium response,Poster presentation,Oral presentation
143,Glauber quark and gluon contributions to jet energy loss in QGP,No,Accepted,,Jet modification and medium response,Jet modification and medium response,Poster presentation,Oral presentation
113,Energy–Energy Correlators as a Probe of the Vacuum–Medium Transition in Jet Showers,No,Accepted,,Jet modification and medium response,Jet modification and medium response,Poster presentation,Oral presentation
105,All is More in Jet Quenching,No,Accepted,,ML/AI and quantum computing in high-energy nuclear physics,ML/AI and quantum computing in high-energy nuclear physics,Poster presentation,Oral presentation
104,Apples to Apples in Jet Quenching,No,Accepted,,Jet modification and medium response,Jet modification and medium response,Poster presentation,Oral presentation
103,Transverse momentum broadening beyond the dipole approximation at strong coupling,No,Accepted,,Jet modification and medium response,Jet modification and medium response,Poster presentation,Oral presentation
116,Disentangling Sub-Eikonal Flow Effects: Boosts vs Quantum Effects,No,Accepted,,Jet modification and medium response,Jet modification and medium response,Poster presentation,Oral presentation
121,Charm quark production from the preequilibrium: estimates and phenomenological relevance,No,Accepted,,"Nuclear PDFs, saturation, and early-time dynamics","Nuclear PDFs, saturation, and early-time dynamics",Poster presentation,Oral presentation
142,Coupled charm and charmonium transport in a strongly coupled quark-gluon plasma,No,Accepted,,Heavy quarks and quarkonia,Heavy quarks and quarkonia,Poster presentation,Oral presentation
120,One Point Energy Correlator in Semi-Inclusive Deep Inelastic Scattering at Twist-4,No,Accepted,,Jet modification and medium response,Jet modification and medium response,Poster presentation,Oral presentation
151,Jet Quenching and Fluctuations.,No,Accepted,,Jet modification and medium response,Jet modification and medium response,Poster presentation,Oral presentation
12,Geometric Scaling and Gluon Saturation at the EIC,Yes,Accepted,,"Nuclear PDFs, saturation, and early-time dynamics","Nuclear PDFs, saturation, and early-time dynamics",Poster presentation,Oral presentation
58,Radial and anisotropic flow in Pb+Pb collisions with the ATLAS detector,Yes,Accepted,,High-momentum hadrons and correlations,High-momentum hadrons and correlations,Poster presentation,Oral presentation
75,Elliptic flow of charm quarks produced in the early stage of pA collisions,No,Accepted,,Heavy quarks and quarkonia,Heavy quarks and quarkonia,Poster presentation,Oral presentation
3,Identifying Jet Quenching in Simulated Heavy-Ion Collisions with Machine Learning Models,No,Accepted,,Jet modification and medium response,Jet modification and medium response,Poster presentation,Oral presentation
32,Unified Resummation of Soft Gluon Radiation in Heavy Meson Pair Photoproduction,No,Accepted,,"Nuclear PDFs, saturation, and early-time dynamics","Nuclear PDFs, saturation, and early-time dynamics",Poster presentation,Oral presentation
81,Bottomonium transport in a strongly coupled quark-gluon plasma,No,Accepted,,Heavy quarks and quarkonia,Heavy quarks and quarkonia,Poster presentation,Oral presentation
27,Dilepton Spectra and Even Flow Harmonics in a Magnetized QGP: An Ideal Hydrodynamic Study,No,Accepted,,Electromagnetic and electroweak probes,Electromagnetic and electroweak probes,Poster presentation,Oral presentation
61,Dijet probes for initial state effects in p+A collisions at ATLAS,Yes,Accepted,,"Nuclear PDFs, saturation, and early-time dynamics","Nuclear PDFs, saturation, and early-time dynamics",Poster presentation,Oral presentation
63,Dijet correlations and medium response in Pb+Pb collisions with ATLAS,Yes,Accepted,,Jet modification and medium response,Jet modification and medium response,Poster presentation,Oral presentation
23,(3+1)D event-by-event pre-equilibrium dynamics in heavy-ion collisions,No,Accepted,,"Nuclear PDFs, saturation, and early-time dynamics","Nuclear PDFs, saturation, and early-time dynamics",Poster presentation,Oral presentation
25,Unresolved Questions in Cold Nuclear Matter and Future Strategies,No,Accepted,,Jet modification and medium response,Jet modification and medium response,Poster presentation,Oral presentation
91,Open quantum system approach to the transverse momentum broadening of a colour dipole,No,Accepted,,Jet modification and medium response,Jet modification and medium response,Poster presentation,Oral presentation
1,On the Origin of QCD Collectivity in High-Multiplicity Jets: A Transport Model Study,No,Accepted,,High-momentum hadrons and correlations,High-momentum hadrons and correlations,Poster presentation,Oral presentation
11,A new TMD framework for quarkonium production in elementary collisions and QCD matter,No,Accepted,,Heavy quarks and quarkonia,Heavy quarks and quarkonia,Poster presentation,Oral presentation
53,Results on photon-photon scattering processes in ultra-peripheral Pb+Pb collisions with ATLAS,Yes,Accepted,,Electromagnetic and electroweak probes,Electromagnetic and electroweak probes,Poster presentation,Oral presentation
72,Heavy flavor jets in flowing QCD matter,No,Accepted,,Jet modification and medium response,Jet modification and medium response,Poster presentation,Oral presentation
6,"Flavor and path-length dependence of jet quenching: inclusive jets, b-jets, γ-jets, and jet substructure",No,Accepted,,Jet modification and medium response,Jet modification and medium response,Poster presentation,Oral presentation
9,Measurements of the Two-Point Energy Correlator in pp Collisions at $\sqrt{s}=510$ GeV at STAR,Yes,Accepted,,High-momentum hadrons and correlations,High-momentum hadrons and correlations,Poster presentation,Oral presentation
13,Event-by-event jet induced hydro response from flow-matching generative model in heavy-ion collisions,No,Accepted,,ML/AI and quantum computing in high-energy nuclear physics,ML/AI and quantum computing in high-energy nuclear physics,Poster presentation,Oral presentation
44,Non-Equilibrium Dynamics in QCD and Holography,No,Accepted,,"Nuclear PDFs, saturation, and early-time dynamics","Nuclear PDFs, saturation, and early-time dynamics",Poster presentation,Oral presentation
76,Melting of $c \bar c$ and $b \bar b$ pairs in the pre-equilibrium stage of proton-nucleus collisions at the Large Hadron Collider,No,Accepted,,Heavy quarks and quarkonia,Heavy quarks and quarkonia,Poster presentation,Oral presentation
90,Signatures of local acceleration of quark-gluon plasma in the dilepton production,No,Accepted,,Electromagnetic and electroweak probes,Electromagnetic and electroweak probes,Poster presentation,Oral presentation
79,Anisotropic jet substructure,No,Accepted,,Jet modification and medium response,Jet modification and medium response,Poster presentation,Oral presentation
33,Evidence of the Magnetic Component in the Quark-Gluon Plasma,No,Accepted,,ML/AI and quantum computing in high-energy nuclear physics,ML/AI and quantum computing in high-energy nuclear physics,Poster presentation,Oral presentation
98,Multiplicity dependence of $J/\psi$ and $\psi$(2S) charmonium states in p+p and p+Au collisions at $\sqrt{s}=$200 GeV measured by the PHENIX collaboration,Yes,Accepted,,Heavy quarks and quarkonia,Heavy quarks and quarkonia,Poster presentation,Oral presentation
82,Covariant Jet Momentum Broadening in QCD Effective Kinetic Theory,No,Accepted,,Jet modification and medium response,Jet modification and medium response,Poster presentation,Oral presentation
43,Anisotropic time evolution of sound modes in Bjorken expanding holographic plasma,No,Accepted,,"Nuclear PDFs, saturation, and early-time dynamics","Nuclear PDFs, saturation, and early-time dynamics",Poster presentation,Oral presentation
80,A Fixed Target Program for the EIC,No,Accepted,,Future experimental facilities and new techniques,Future experimental facilities and new techniques,Poster presentation,Oral presentation
31,Dual-grid kinetic framework for the real-time evolution of jet-induced perturbations in QCD matter,No,Accepted,,Jet modification and medium response,Jet modification and medium response,Poster presentation,Oral presentation
51,Probing the transverse structure of nPDF modifications with jet production in ultra-peripheral Pb+Pb collisions with the ATLAS detector,Yes,Accepted,,"Nuclear PDFs, saturation, and early-time dynamics","Nuclear PDFs, saturation, and early-time dynamics",Poster presentation,Oral presentation
4,Quantifying chaos and instabilities in Glasma via Lyapunov exponents,No,Accepted,,"Nuclear PDFs, saturation, and early-time dynamics","Nuclear PDFs, saturation, and early-time dynamics",Poster presentation,Oral presentation
57,$Z$ boson production in O+O collisions measured by ATLAS,Yes,Accepted,,Electromagnetic and electroweak probes,Electromagnetic and electroweak probes,Poster presentation,Oral presentation
26,Characterizing QGP properties with Quarkonium beyond the Markovian limit,No,Accepted,,Heavy quarks and quarkonia,Heavy quarks and quarkonia,Poster presentation,Oral presentation
60,"Charged particle multiplicity, pseudorapidity distributions and mean transverse momentum in O+O and Ne+Ne collisions with ATLAS",Yes,Accepted,,High-momentum hadrons and correlations,High-momentum hadrons and correlations,Poster presentation,Oral presentation
71,"OO and NeNe systematic study on nucleon widths, multi-particle cumulants, and causality constraints",No,Accepted,,High-momentum hadrons and correlations,High-momentum hadrons and correlations,Poster presentation,Oral presentation
97,Production and Hadronization of B-mesons in p+p collisions at PHENIX,Yes,Accepted,,Heavy quarks and quarkonia,Heavy quarks and quarkonia,Poster presentation,Oral presentation
30,Signals of quark-enhanced heavy-ion jets with energy correlators,No,Accepted,,Jet modification and medium response,Jet modification and medium response,Poster presentation,Oral presentation
46,Dijet production in intermediate x at EIC,No,Accepted,,"Nuclear PDFs, saturation, and early-time dynamics","Nuclear PDFs, saturation, and early-time dynamics",Poster presentation,Oral presentation
36,Jet Modifications Across the QGP and Hadronic Phases in J-PHASE Generator with SUBA-Jet,No,Accepted,,Jet modification and medium response,Jet modification and medium response,Poster presentation,Oral presentation
14,$\phi$ and $\Omega$ production in heavy ion collisions via recombination of jet parton showers,No,Accepted,,Jet modification and medium response,Jet modification and medium response,Poster presentation,Oral presentation
101,Forward $\phi$-meson measurement in small and large systems at $\sqrt{s_{\rm NN}}$=200 GeV by PHENIX,Yes,Accepted,,High-momentum hadrons and correlations,High-momentum hadrons and correlations,Poster presentation,Oral presentation
59,"Two- and four-particle correlations in p+O, O+O, and Ne+Ne collisions with the ATLAS detector",Yes,Accepted,,High-momentum hadrons and correlations,High-momentum hadrons and correlations,Poster presentation,Oral presentation
5,Hard Probes in the Presence of the Chiral Magnetic Effect,No,Accepted,,Jet modification and medium response,Jet modification and medium response,Poster presentation,Oral presentation
19,Probing nPDF and fully coherent radiation through electromagnetic signals at the LHC,No,Accepted,,"Nuclear PDFs, saturation, and early-time dynamics","Nuclear PDFs, saturation, and early-time dynamics",Poster presentation,Oral presentation
94,"Reconstructed jets and jet substructure in 200 GeV p+p, p+Au, and d+Au collisions with PHENIX",Yes,Accepted,,Jet modification and medium response,Jet modification and medium response,Poster presentation,Oral presentation
49,Interferometry probe of the space-time structure of jet-induced medium response,No,Accepted,Jet modification and medium response,Jet modification and medium response,Jet modification and medium response,Oral presentation,Oral presentation
378,Revealing the Cronin effect through Drell Yan in p-A collisions,No,Accepted,"Nuclear PDFs, saturation, and early-time dynamics","Nuclear PDFs, saturation, and early-time dynamics","Nuclear PDFs, saturation, and early-time dynamics",Oral presentation,Oral presentation
277,DIS dijet production with finite-energy corrections and its back-to-back limit,No,Accepted,"Nuclear PDFs, saturation, and early-time dynamics","Nuclear PDFs, saturation, and early-time dynamics","Nuclear PDFs, saturation, and early-time dynamics",Oral presentation,Oral presentation
89,Semiclassical Worldline Methods for High-Energy QCD Beyond the Eikonal Approximation,No,Accepted,Future experimental facilities and new techniques,Future experimental facilities and new techniques,Future experimental facilities and new techniques,Oral presentation,Oral presentation
149,Towards a Unified Picture of Nuclear QCD: Mapping the Transition from High-Twist to Color Glass Condensate Dynamics,No,Accepted,"Nuclear PDFs, saturation, and early-time dynamics","Nuclear PDFs, saturation, and early-time dynamics","Nuclear PDFs, saturation, and early-time dynamics",Oral presentation,Oral presentation
263,Hamiltonian real-time quantum evolution of particles in the Glasma,No,Accepted,Jet modification and medium response,Jet modification and medium response,Jet modification and medium response,Oral presentation,Oral presentation
272,Formation time as a probe of early medium effects due to colour coherence,No,Accepted,Jet modification and medium response,Jet modification and medium response,Jet modification and medium response,Oral presentation,Oral presentation
34,Unified description of longitudinal and transverse parton dynamics in cold nuclear matter,No,Accepted,Future experimental facilities and new techniques,Future experimental facilities and new techniques,Future experimental facilities and new techniques,Oral presentation,Oral presentation
366,How the nonequilibrium initial stages influence medium-induced radiation,No,Accepted,"Nuclear PDFs, saturation, and early-time dynamics","Nuclear PDFs, saturation, and early-time dynamics","Nuclear PDFs, saturation, and early-time dynamics",Oral presentation,Oral presentation
302,First exploration of hard-soft correlations from IP-Glasma,No,Accepted,"Nuclear PDFs, saturation, and early-time dynamics","Nuclear PDFs, saturation, and early-time dynamics","Nuclear PDFs, saturation, and early-time dynamics",Oral presentation,Oral presentation
296,Electron-Ion Collisions in the JETSCAPE framework,No,Accepted,"Nuclear PDFs, saturation, and early-time dynamics","Nuclear PDFs, saturation, and early-time dynamics","Nuclear PDFs, saturation, and early-time dynamics",Oral presentation,Oral presentation
287,Bridging soft and hard Bayesian inference in heavy-ion collisions,No,Accepted,ML/AI and quantum computing in high-energy nuclear physics,ML/AI and quantum computing in high-energy nuclear physics,ML/AI and quantum computing in high-energy nuclear physics,Oral presentation,Oral presentation
221,Generative ML for heavy-ion mixed-events,Yes,Accepted,ML/AI and quantum computing in high-energy nuclear physics,ML/AI and quantum computing in high-energy nuclear physics,ML/AI and quantum computing in high-energy nuclear physics,Oral presentation,Oral presentation
84,Physics-Informed Symbolic Regression for Quantum Evolution,No,Accepted,ML/AI and quantum computing in high-energy nuclear physics,ML/AI and quantum computing in high-energy nuclear physics,ML/AI and quantum computing in high-energy nuclear physics,Oral presentation,Oral presentation
153,Quantum simulations of non-perturbative quantities in hadron scattering,No,Accepted,ML/AI and quantum computing in high-energy nuclear physics,ML/AI and quantum computing in high-energy nuclear physics,ML/AI and quantum computing in high-energy nuclear physics,Oral presentation,Oral presentation
88,Machine Unlearning and Jet Quenching Physics,No,Accepted,ML/AI and quantum computing in high-energy nuclear physics,ML/AI and quantum computing in high-energy nuclear physics,ML/AI and quantum computing in high-energy nuclear physics,Oral presentation,Oral presentation
267,Groomed Jets in Heavy-Ion Collisions with an NLO-Accurate Vacuum Baseline,No,Accepted,Jet modification and medium response,Jet modification and medium response,Jet modification and medium response,Oral presentation,Oral presentation
48,Soft--Hard Correlations: A Study of EEC Evolution with Jet Internal Multiplicity,No,Accepted,Jet modification and medium response,Jet modification and medium response,Jet modification and medium response,Oral presentation,Oral presentation
214,Sensitivity of Energy-Energy Correlators to Multiple QCD Regimes in Heavy-Ion Collisions,No,Accepted,High-momentum hadrons and correlations,High-momentum hadrons and correlations,High-momentum hadrons and correlations,Oral presentation,Oral presentation
311,Multiplicity distributions in QCD jets and large-radius jet suppression with substructure dependence at the LHC,No,Accepted,Jet modification and medium response,Jet modification and medium response,Jet modification and medium response,Oral presentation,Oral presentation
8,Probing Jet Quenching Dynamics with Higher-Point Energy Correlators,No,Accepted,Jet modification and medium response,Jet modification and medium response,Jet modification and medium response,Oral presentation,Oral presentation
24,In medium scale evolution of the energy-energy correlators for heavy ion phenomenology,No,Accepted,Jet modification and medium response,Jet modification and medium response,Jet modification and medium response,Oral presentation,Oral presentation
304,QCD in-medium splitting kernels at full colour and exact kinematics,No,Accepted,Jet modification and medium response,Jet modification and medium response,Jet modification and medium response,Oral presentation,Oral presentation
87,Dijet production in DIS at small-x: revisiting and rectifying the eikonal limit,No,Accepted,High-momentum hadrons and correlations,High-momentum hadrons and correlations,High-momentum hadrons and correlations,Oral presentation,Oral presentation
7,Edge effects in angular jet substructure in heavy ion collisions,No,Accepted,Jet modification and medium response,Jet modification and medium response,Jet modification and medium response,Oral presentation,Oral presentation
10,Revisiting extremely high energy QED bremsstrahlung in matter,No,Accepted,Future experimental facilities and new techniques,Future experimental facilities and new techniques,Future experimental facilities and new techniques,Oral presentation,Oral presentation
169,Jet Suppression and Azimuthal Anisotropy in O+O Collisions from RHIC to the LHC,No,Accepted,Jet modification and medium response,Jet modification and medium response,Jet modification and medium response,Oral presentation,Oral presentation
39,Collinear limit of Energy-Energy Correlators in pp and pA collisions,No,Accepted,Jet modification and medium response,Jet modification and medium response,Jet modification and medium response,Oral presentation,Oral presentation
40,Effect of Hadronic Matter on Parton Energy Loss,No,Accepted,High-momentum hadrons and correlations,High-momentum hadrons and correlations,High-momentum hadrons and correlations,Oral presentation,Oral presentation
376,Probing cold nuclear matter effects with energy correlators inside jets,No,Accepted,Jet modification and medium response,Jet modification and medium response,Jet modification and medium response,Oral presentation,Oral presentation
295,Jet Modification in a 3+1D Medium Using the JETSCAPE Framework,No,Accepted,Jet modification and medium response,Jet modification and medium response,Jet modification and medium response,Oral presentation,Oral presentation
379,Probing QGP transport from hydrodynamic attractors to jet wakes,No,Accepted,Jet modification and medium response,Jet modification and medium response,Jet modification and medium response,Oral presentation,Oral presentation
77,Medium-induced radiation in out of equilibrium QCD plasmas,No,Accepted,Jet modification and medium response,Jet modification and medium response,Jet modification and medium response,Oral presentation,Oral presentation
114,Testing production mechanism of exotic hadrons in nuclear collisions via system size scan,No,Accepted,Heavy quarks and quarkonia,Heavy quarks and quarkonia,Heavy quarks and quarkonia,Oral presentation,Oral presentation
249,Flavor hierarchy of particle correlation in jets,No,Accepted,Heavy quarks and quarkonia,Heavy quarks and quarkonia,Heavy quarks and quarkonia,Oral presentation,Oral presentation
372,Universal Lindblad equation for in-QGP quarkonium dynamical evolution,No,Accepted,Heavy quarks and quarkonia,Heavy quarks and quarkonia,Heavy quarks and quarkonia,Oral presentation,Oral presentation
129,Inclusive heavy quarkonium production in lepton-hadron scattering in a joint QED and QCD factorization approach,No,Accepted,Heavy quarks and quarkonia,Heavy quarks and quarkonia,Heavy quarks and quarkonia,Oral presentation,Oral presentation
37,Lindblad-driven recombination of the X(3872) tetraquark,No,Accepted,Heavy quarks and quarkonia,Heavy quarks and quarkonia,Heavy quarks and quarkonia,Oral presentation,Oral presentation
45,Bottomonium production & modification in small systems: disentangling cold and hot nuclear effects in $p+\mathrm{Pb}$ collisions,No,Accepted,Heavy quarks and quarkonia,Heavy quarks and quarkonia,Heavy quarks and quarkonia,Oral presentation,Oral presentation
238,An Integrated Framework for Heavy-Flavor Transport in Nuclear Collisions,No,Accepted,Heavy quarks and quarkonia,Heavy quarks and quarkonia,Heavy quarks and quarkonia,Oral presentation,Oral presentation
86,Evolution and Equilibration of the Heavy Quark Momentum Distribution in QGP Beyond the Non-Relativistic Limit,No,Accepted,Heavy quarks and quarkonia,Heavy quarks and quarkonia,Heavy quarks and quarkonia,Oral presentation,Oral presentation
337,"Interplay of Coalescence, Fragmentation and Non-Equilibrium Transport in Heavy-Hadron Formation",No,Accepted,Heavy quarks and quarkonia,Heavy quarks and quarkonia,Heavy quarks and quarkonia,Oral presentation,Oral presentation
78,Charmonium production and modification in $p+\mathrm{Pb}$ and $d+\mathrm{Au}$ collisions,No,Accepted,Heavy quarks and quarkonia,Heavy quarks and quarkonia,Heavy quarks and quarkonia,Oral presentation,Oral presentation
15,Searching for quark-gluon plasma droplets with heavy quark energy correlators,No,Accepted,Heavy quarks and quarkonia,Heavy quarks and quarkonia,Heavy quarks and quarkonia,Oral presentation,Oral presentation
297,Hard Photons as Standard Candles of Centrality in Small Systems,No,Accepted,Electromagnetic and electroweak probes,Electromagnetic and electroweak probes,Electromagnetic and electroweak probes,Oral presentation,Oral presentation
264,Thermal photon production in massless boost-invariant gases,No,Accepted,Electromagnetic and electroweak probes,Electromagnetic and electroweak probes,Electromagnetic and electroweak probes,Oral presentation,Oral presentation
144,Electromagnetic radiation from jet-medium interactions and the dynamical evolution of quark flavors in heavy-ion collisions,No,Accepted,Electromagnetic and electroweak probes,Electromagnetic and electroweak probes,Electromagnetic and electroweak probes,Oral presentation,Oral presentation
338,The impact of phase transitions on dilepton production,No,Accepted,Electromagnetic and electroweak probes,Electromagnetic and electroweak probes,Electromagnetic and electroweak probes,Oral presentation,Oral presentation
282,EM-field fluctuations in event-by-event magnetohydrodynamics and their impact on direct-photon yield and flow,No,Accepted,Electromagnetic and electroweak probes,Electromagnetic and electroweak probes,Electromagnetic and electroweak probes,Oral presentation,Oral presentation
336,Direct Photon Production from Concurrent Minijet-Hydrodynamics Evolution,No,Accepted,Electromagnetic and electroweak probes,Electromagnetic and electroweak probes,Electromagnetic and electroweak probes,Oral presentation,Oral presentation
216,Photon production in medium-modified jets: phenomenology and precision,No,Accepted,Electromagnetic and electroweak probes,Electromagnetic and electroweak probes,Electromagnetic and electroweak probes,Oral presentation,Oral presentation
278,Characterization of charm fragmentation across collision systems with measurements of angular correlations between charm mesons and charged particles with ALICE,Yes,Accepted,,Heavy quarks and quarkonia,Heavy quarks and quarkonia,Poster presentation,Oral presentation
224,"Jet Energy Scale Calibration and Measurement of the Inclusive Jet Cross-Section in p+p Collisions at $\sqrt{s}=200\,\mathrm{GeV}$ with the sPHENIX Detector",Yes,Accepted,,Jet modification and medium response,Jet modification and medium response,Poster presentation,Poster presentation
69,Probing the Dead Cone Effect with $D^0$-tagged Jet Energy Correlators in STAR,Yes,Accepted,,Jet modification and medium response,Jet modification and medium response,Poster presentation,Poster presentation
172,Characterizing inclusive charged-particle jet production and fragmentation in pp collisions with ALICE,Yes,Accepted,,Jet modification and medium response,Jet modification and medium response,Poster presentation,Oral presentation
285,Beauty production studies via quarkonia measurements in ALICE,Yes,Accepted,,Heavy quarks and quarkonia,Heavy quarks and quarkonia,Poster presentation,Oral presentation
362,sPHENIX measurement of isolated photon transverse single spin asymmetry,Yes,Accepted,,"Nuclear PDFs, saturation, and early-time dynamics","Nuclear PDFs, saturation, and early-time dynamics",Poster presentation,Oral presentation
293,Jet R-Dependence of Dijet Asymmetry and Acoplanarity in $p$ + $p$ collisions at $\sqrt{s} = 200$ GeV with sPHENIX,No,Accepted,,Jet modification and medium response,Jet modification and medium response,Poster presentation,Poster presentation
199,Exploring jet quenching and medium recoil effects to hard probes using correlations of Z bosons to hadrons in pPb collisions with CMS,Yes,Accepted,,Jet modification and medium response,Jet modification and medium response,Poster presentation,Oral presentation
208,Constraining gluon nPDFs with open heavy-flavor production in ultraperipheral heavy ion collisions with CMS,Yes,Accepted,,"Nuclear PDFs, saturation, and early-time dynamics","Nuclear PDFs, saturation, and early-time dynamics",Poster presentation,Oral presentation
318,Collective effects in small systems in LHCb,Yes,Accepted,,High-momentum hadrons and correlations,High-momentum hadrons and correlations,Poster presentation,Oral presentation
130,Measurement of Jet Nuclear Modification in heavy ion collisions for large jet area extending to Run3 with CMS detector.,Yes,Accepted,,Jet modification and medium response,Jet modification and medium response,Poster presentation,Oral presentation
201,Insights into the collectivity and hadronization of bulk partonic matter through strange and multi-strange hadrons in OO and NeNe collisions up to high-pT in CMS,Yes,Accepted,,High-momentum hadrons and correlations,High-momentum hadrons and correlations,Poster presentation,Oral presentation
335,Deuteron identification and production at LHCb,Yes,Accepted,,Future experimental facilities and new techniques,Future experimental facilities and new techniques,Poster presentation,Oral presentation
353,sPHENIX two-particle correlations in high-multiplicity p+p collisions at 200 GeV,Yes,Accepted,,High-momentum hadrons and correlations,High-momentum hadrons and correlations,Poster presentation,Oral presentation
125,Probing the roles of color-charge and selection bias on energy loss using jet axis decorrelation with CMS,Yes,Accepted,,Jet modification and medium response,Jet modification and medium response,Poster presentation,Oral presentation
112,Measurement of $\Xi_{\mathrm{c}}^{+}$-baryon production in Pb--Pb collisions at $\sqrt{s_{\mathrm{NN}}} = 5.36~\mathrm{TeV}$ with ALICE,Yes,Accepted,,Heavy quarks and quarkonia,Heavy quarks and quarkonia,Poster presentation,Poster presentation
174,Investigating Open Heavy-Flavor and Quarkonium with the NA60+/DiCE Experiment,Yes,Accepted,,Heavy quarks and quarkonia,Heavy quarks and quarkonia,Poster presentation,Oral presentation
251,Coherent and Incoherent $\phi$ Meson Photoproduction in Ultra-Peripheral Au+Au Collisions at $\sqrt{s_{NN}}$ = 200 GeV,Yes,Accepted,,"Nuclear PDFs, saturation, and early-time dynamics","Nuclear PDFs, saturation, and early-time dynamics",Poster presentation,Oral presentation
363,"sPHENIX streaming readout of tracking detectors for novel measurements in high-rate, unbiased p+p data",Yes,Accepted,,Future experimental facilities and new techniques,Future experimental facilities and new techniques,Poster presentation,Oral presentation
284,Measurement of the  J/$\psi$ Fragmentation Function in pp Collisions at $\sqrt{s} = 13.6$ TeV with ALICE,Yes,Accepted,,Heavy quarks and quarkonia,Heavy quarks and quarkonia,Poster presentation,Poster presentation
323,Heavy-flavour hadronization studies in small systems at LHCb,Yes,Accepted,,Heavy quarks and quarkonia,Heavy quarks and quarkonia,Poster presentation,Oral presentation
316,Hadronization in heavy-flavour jets at LHCb,Yes,Accepted,,Jet modification and medium response,Jet modification and medium response,Poster presentation,Oral presentation
102,Measurement of the azimuthal correlation of $\rm{\mathbf{D^{0}}}$ mesons with charged particles in pp collisions at $\mathbf{\sqrt{\mathit{s}}} =$  13.6 TeV with ALICE,Yes,Accepted,,Heavy quarks and quarkonia,Heavy quarks and quarkonia,Poster presentation,Poster presentation
365,sPHENIX foundation model development for reconstruction and analysis,Yes,Accepted,,ML/AI and quantum computing in high-energy nuclear physics,ML/AI and quantum computing in high-energy nuclear physics,Poster presentation,Oral presentation
329,Strangeness production at LHCb,Yes,Accepted,,"Nuclear PDFs, saturation, and early-time dynamics","Nuclear PDFs, saturation, and early-time dynamics",Poster presentation,Oral presentation
258,Anisotropic flow of J/ψ measured using ALICE Run3 data,Yes,Accepted,,Heavy quarks and quarkonia,Heavy quarks and quarkonia,Poster presentation,Poster presentation
250,Measurement of the transverse-momentum fraction of (multi-)strange particles in mini-jets and its multiplicity dependence in pp collisions at √s = 13 TeV with ALICE,Yes,Accepted,,High-momentum hadrons and correlations,High-momentum hadrons and correlations,Poster presentation,Oral presentation
317,Probing nuclear geometry with flow measurements in fixed-target collisions at LHCb,Yes,Accepted,,High-momentum hadrons and correlations,High-momentum hadrons and correlations,Poster presentation,Oral presentation
197,Spin-dependent azimuthal asymmetry of coherent $J/\psi$ photoproduction in peripheral PbPb collisions with CMS,Yes,Accepted,,Electromagnetic and electroweak probes,Electromagnetic and electroweak probes,Poster presentation,Oral presentation
85,Measurement of ω and φ mesons production via forward dimuon in pp collisions at √s = 13.6 TeV with ALICE,Yes,Accepted,,Electromagnetic and electroweak probes,Electromagnetic and electroweak probes,Poster presentation,Poster presentation
228,Measurement of semi-inclusive photon-jet and $\pi^{0}$-jet yield with fully reconstructed jets in p+p and central Au+Au collisions at $\sqrt{s_{NN}}=200$ GeV by STAR,Yes,Accepted,,Jet modification and medium response,Jet modification and medium response,Poster presentation,Oral presentation
191,Design and expected performance of the ALICE ITS3 tracker upgrade,Yes,Accepted,,Future experimental facilities and new techniques,Future experimental facilities and new techniques,Poster presentation,Oral presentation
242,Measurement of soft-drop groomed jet substructure observables in $p\!+\!p$ collisions at $\sqrt{s} = 200$ GeV with the sPHENIX experiment at RHIC,Yes,Accepted,,Jet modification and medium response,Jet modification and medium response,Poster presentation,Poster presentation
364,sPHENIX novel use of generative AI for physics measurements,Yes,Accepted,,ML/AI and quantum computing in high-energy nuclear physics,ML/AI and quantum computing in high-energy nuclear physics,Poster presentation,Oral presentation
276,Probing local quantum number conservation with angular correlation measurements of charm hadrons with identified particles with ALICE,Yes,Accepted,,Heavy quarks and quarkonia,Heavy quarks and quarkonia,Poster presentation,Oral presentation
50,Low energy states and decays of a quarkonium   in strong magnetic fields,No,Submitted,,Heavy quarks and quarkonia,Heavy quarks and quarkonia,,Oral presentation
35,A Robust Signal of Dijet-Induced Diffusion Wake via Rapidity-Asymmetric Jet–Hadron Correlations in high-energy heavy-ion collisions,No,Submitted,,Jet modification and medium response,Jet modification and medium response,,Oral presentation
17,testing abstract lengh,Yes,Withdrawn,,Jet modification and medium response,Jet modification and medium response,,Oral presentation
